customer_id,salary_day,monthly_income,income_bracket,account_age_days,account_type
371e2edd-5e61-4f7b-9100-de18f5957db0,5,41000.43,medium,944,savings
f231bdf1-a3a4-43ae-bad9-4d3a3df4a464,25,34813.35,low,2448,savings
1f6b81b3-2078-4255-b5a8-cfbcf37e673a,15,24372.76,low,138,savings
4987e3ee-335d-461a-98c8-2a619229c2e6,15,129092.75,high,1869,savings
0545d512-c6c4-4b58-a722-67093bdfa8b6,10,80454.91,high,2889,savings
90adc4b2-6ab5-46a0-8989-ba7b0d8e0ec9,6,24306.28,low,448,savings
9b9397a7-19d9-43de-bbba-a06fa6d2696b,25,36949.89,low,3335,savings
8257907d-3089-4cb5-8b1f-1f16342bc35d,21,44993.05,medium,352,savings
64756159-d40a-4d28-ac94-4295648d4e64,15,123296.38,high,2394,savings
9f1956dc-e988-4274-ba30-c3905177ec8d,6,33225.27,low,356,salary
4c037362-1f6c-4b8e-8c16-0a57551d97b8,15,106608.84,high,3446,savings
8c0a397a-a628-4ed0-9596-ff85984f1be4,5,48380.28,medium,2829,current
fd2e1d83-0483-4d3b-8a37-c5a830a7793a,2,46845.55,medium,699,savings
85ef7131-30e9-476b-aa9f-29e292e6c11a,30,38507.82,low,929,current
416f7035-5701-4f7a-b4e9-190f858e118c,5,134319.99,high,161,salary
eb3b760c-95ff-47de-8597-ff669036897c,20,42647.54,medium,2353,salary
db35144d-c4fb-4366-98b1-6d2676dac41f,15,66217.55,medium,2663,savings
7dde550d-5ebe-48e9-a3d5-27b4976d5d84,25,24932.55,low,1106,current
7fc928a8-cc13-4adb-a587-25ad6461dac7,15,63341.32,medium,596,savings
ce74c8ce-5375-4190-afeb-6a06c89ec772,1,20942.33,low,2600,savings
60d04ff7-c084-4e0c-9498-7f99540cf692,15,63856.36,medium,2470,salary
5296661d-a4a7-416e-b428-5b17c7e05c9f,15,78843.14,medium,77,current
3ed8ad3b-cf93-463e-aa53-3e96138787c4,4,37695.77,low,3178,current
2ef87623-84a2-4452-8505-d29df2c52fee,15,28695.31,low,2987,salary
0ff2d596-b430-43e9-bd5c-afa261107aee,1,30011.72,low,465,salary
159740b6-28c8-4122-9674-f144e92231c8,25,32778.99,low,656,savings
c95826f5-6ae5-46dd-84eb-5ef2acb26de5,21,39069.99,low,32,savings
e59c5df2-8dc5-4a85-8c80-77a635e09f6e,15,44474.71,medium,3436,salary
9e2841c4-95fd-419e-b637-b3d45ad00a5d,25,24817.43,low,352,savings
a4832d53-1b92-4ec3-a29c-4e999d63d8e7,5,42768.5,medium,3166,savings
b320e39b-97e4-4c6e-bbbf-648118da1aae,1,77873.95,medium,2191,salary
8009c215-4165-415b-b32b-c81a7279c0c0,25,48471.93,medium,3019,current
9b825416-b9e5-4558-85cf-eddc64f45685,30,107929.46,high,1559,savings
9a570dc6-d067-4929-bb45-2878dd8fa3e7,5,44840.17,medium,1414,savings
6b7d834a-7dde-470c-a0f9-0569a4188249,1,63537.6,medium,2929,current
d4b8df0e-9787-4a38-81df-ffb7072c66c8,15,38108.4,low,320,savings
e7034ea2-ecb8-42a1-a4cc-f2e9534f3189,25,29708.29,low,2992,salary
a97bd192-54c8-47c2-b9ba-118af317fca7,8,58906.84,medium,3337,savings
e13e0295-3da0-41c8-b781-1c643316a06c,5,33179.65,low,1713,savings
212bedea-9d3a-4d2d-8e34-cbec9ad7d042,27,127135.52,high,433,savings
6330558f-57cf-48ee-8156-b3c4679b106b,1,136041.48,high,814,savings
6bffd241-e4cf-42b0-9bd4-aad8d6bba60d,5,56875.27,medium,1053,salary
42b7b959-cec6-4806-8d6c-ceb3cd9bd949,15,36160.44,low,431,savings
e217e3f9-ed51-40f1-ac1b-21cc15fd68e3,25,442609.65,very_high,3116,salary
19c5c210-b56c-4647-b2ec-ed0a4c112562,5,29712.82,low,1672,salary
8abb70d2-eb19-4ae7-bb46-8e49810a9cf0,15,20043.11,low,3241,current
caf2f60c-3aa1-4837-b901-5bc178d6541c,2,33931.83,low,3238,savings
c317bc17-10fa-452a-8f37-e3ca1bb2fca5,5,90835.78,high,269,savings
5344223f-7a63-411a-b3d4-7562306425c6,1,69919.02,medium,2422,savings
81de6c73-4e5a-4944-b84c-e77027c46c6a,1,335894.15,very_high,2110,savings
e9d5b9df-9e70-4c3b-8183-876c8dc13068,30,31900.7,low,993,savings
cb6fa3a3-2fee-43bd-baf3-39e47017d977,25,349386.39,very_high,192,current
b5008fb9-4b3a-4629-a517-d5f4a8682b01,25,63346.89,medium,1098,savings
79363f22-2a21-4b1f-9a54-3e64697d7dda,15,96708.02,high,2781,current
fab35797-f6b4-4028-94ac-fd12f4408c3e,22,77160.73,medium,68,savings
67344361-cc3a-4920-9712-eb0d94c08c2d,1,498633.76,very_high,903,savings
623af7d8-113e-490c-bc5b-94746908a548,1,26980.18,low,1030,savings
ea62564c-6199-48c6-94e8-288a9da4838f,30,36674.9,low,2535,salary
5f2e83a0-0fe5-40fa-951c-649e100c504e,30,117025.85,high,2301,savings
956c4004-95a3-41d2-81d6-d2bf4f5856b5,1,77557.2,medium,502,salary
200fe1e2-fcb5-4958-b75f-bce4f2a53eb6,5,90881.35,high,892,current
7d8e3b25-42d4-4e72-bd4f-b1e30df6f0b4,5,32684.76,low,2031,savings
392844a4-481e-4268-866d-a73cf2cfa35b,30,167779.61,very_high,3427,savings
706af7ea-443d-497e-a31c-b715cf5ca9a0,30,35422.38,low,1102,savings
1e401f18-9b5a-40fd-8b45-c67e585e7cdc,25,68226.7,medium,488,savings
bc690662-8f24-4a0f-9776-14274a885a31,25,143275.0,high,3448,savings
181be263-4f09-444b-9d57-ae74e051b5ab,1,57191.47,medium,1523,salary
50895c66-a013-44ee-ae40-86556622cf88,19,140249.18,high,890,current
7be51a20-b7b4-406d-8ddc-b3cca211f64c,25,54147.15,medium,3612,savings
2c9bde81-e04b-49dd-8a74-2900bd6f33e3,22,46182.13,medium,3571,savings
b864008d-f974-4317-8c1f-1e6288984afc,15,92393.67,high,764,current
d8bc4645-7f6e-40be-b885-fc45cf249010,9,77232.64,medium,3569,current
c54042e1-47f3-4a4b-8514-e7c9ac3ebfb9,30,23183.96,low,1596,salary
c378f85d-eec0-4567-bd51-dd4993ae9678,11,95570.36,high,1915,savings
bc0cf3c0-21d4-4a0b-be8d-aa18c063b462,5,140992.61,high,2733,savings
1906c502-411a-47dc-9178-f0caa59e53fc,25,74574.12,medium,1173,savings
ac81a1f8-3cbe-4828-8028-959f24377c89,13,67180.72,medium,1386,salary
8d648e13-5caf-4e8d-90cb-1f39e07e3c5e,1,39408.01,low,1117,savings
a7d39951-f3b9-4956-a0af-bf4d28bb7b82,8,53827.48,medium,1817,current
8393af45-bedc-4c6c-9a6b-1547a9a370ca,25,55407.82,medium,1073,savings
734f9782-c84b-482b-bebd-72c253821472,10,60796.81,medium,2843,current
76375c29-89c7-46b0-9c46-fd6bbf0467fe,15,126944.0,high,316,salary
aade3862-31ca-441d-b3f5-535b48beedaa,30,368104.39,very_high,540,current
7a4a09bc-47d8-4573-9861-4acad281ad6e,15,52371.39,medium,1678,current
9934bb0d-f482-43ed-8105-3e6ab5851649,30,47673.6,medium,1582,current
51f83294-0a1e-4f7c-8c8c-5b21be5f4638,5,365430.22,very_high,2274,salary
7ba32615-d612-4f70-bf23-0bc646a31d62,8,48407.31,medium,2514,current
1e13099b-e677-46a3-92df-8c5461d54ff5,5,57686.39,medium,1968,current
86b23bf2-3938-4658-94f4-9efa6debf651,30,407586.51,very_high,1192,savings
5593fb4a-2760-460e-9ffa-e6bbd5af4a10,11,53407.53,medium,3106,savings
1a0e4196-048c-4667-93eb-01c5afc3ba5f,1,72262.52,medium,219,savings
7bde5881-2b5f-4b80-8971-e08e1d4b5159,1,73989.51,medium,1727,salary
faa80840-58e6-4395-a43c-94bd76b96fe2,15,68733.84,medium,1666,savings
d0588aa7-507a-4f79-bd0e-643f2d8ca910,4,40221.79,medium,3184,salary
e3358a4f-9fb5-469b-9a9f-09110ef7b3f9,9,95318.88,high,2880,savings
319508de-97b6-436a-b7e4-1209d8e554fe,14,24983.97,low,1899,savings
23e7d038-ab1a-4e51-b9fa-a0e5c245e2b6,25,61245.28,medium,1329,salary
764d7150-7058-40e8-9f63-3666142e9669,30,122885.66,high,2097,savings
c88c7c78-a60b-483a-86bf-181095571c8b,1,306069.76,very_high,3558,savings
460c90a0-b934-4510-811c-2c8f8353de0b,30,24944.79,low,3166,current
67871adc-7900-4786-a99c-00c93b600915,15,49569.83,medium,2952,savings
b2b75c91-8b81-4e7f-bd5d-51c5cad051eb,25,26394.19,low,596,savings
e4375836-2a8f-4cbd-b544-a4de7e845b40,5,46112.21,medium,1729,savings
9481ee8b-c09a-4839-8960-7dce4130f9c0,5,56630.97,medium,1750,savings
ff4cffc4-4e22-42b1-945c-b75afd52e7f5,1,146224.34,high,3637,current
20ab67c8-85d0-4095-ab85-9961f7629867,5,40235.84,medium,3116,savings
da9a1498-b0d4-47e4-ae7b-cc52826e2605,25,138501.01,high,3039,savings
47025780-c3b4-414d-83bb-3ed5cd5dcbfb,5,48821.55,medium,1815,savings
9552036f-ad81-4ceb-a3e7-1216e5169cc4,9,66754.94,medium,2996,savings
831475c0-2976-481a-a9c6-111ccc9be82b,30,45105.11,medium,140,salary
dff93b51-6e0c-419b-a699-06be032dac96,1,66519.99,medium,1785,savings
7f95f7a4-c04d-438e-97cf-6772b76103de,15,42011.39,medium,896,savings
4078beb4-1c28-4415-88bb-f9f92ee72e95,5,75185.6,medium,3437,savings
ffec7e08-bf09-414d-a0f1-53453c9b9ae0,4,112921.48,high,243,salary
6fbf5ea6-e70d-47a9-a0c6-25b131a2d882,7,66005.76,medium,2699,savings
8618ff84-bc67-4f5c-a4f7-245a5f0c23e4,13,24945.67,low,2574,savings
c77750f4-9c70-43c6-990c-0344a29c58e2,25,33389.18,low,922,savings
018f1f70-e780-463d-8dc2-caf7dc76cb61,25,27377.9,low,3093,current
3e99e6b4-92c6-477b-b879-e4230b9ac23d,5,91463.61,high,2400,savings
b3545d28-52fa-4db6-91dc-e0fea9fc07f9,24,67093.89,medium,1654,salary
ce36e3fe-517c-49e4-9e3c-4ec7746e646f,12,31841.96,low,1024,savings
3ec1a32a-f761-433b-834e-2013e4f92237,25,139520.53,high,525,current
6b0ec76e-b93e-49f2-bd0c-2bbde28a497f,25,41642.77,medium,2739,savings
9a1a56ad-a562-4d73-b294-7a0cfc4afe23,14,53649.25,medium,3398,savings
915d0f3c-ab5b-434b-868b-227bf45c834e,18,54487.52,medium,1913,current
ffd6cb27-6c89-4d65-ba43-1666d9d01956,25,69351.81,medium,1136,current
51d4af51-e345-48b7-bb41-ab56516d33cf,15,421124.51,very_high,3412,current
88d25c88-6c4a-42bc-bfab-13e121ff8bb1,12,37034.26,low,384,savings
f9c83991-86be-4c2f-b7d8-14901253d5db,25,70019.05,medium,2766,savings
dfc1baa9-98ba-4ed8-9c7e-af61be8ef506,1,37019.06,low,898,savings
8d47e1b4-9726-4d94-9161-2b0b98e1fc43,25,25593.17,low,3634,savings
a642cf58-64ba-49bf-8459-1d33c35d1282,1,38961.25,low,2979,savings
5ff24465-6e3c-4ddc-a8b9-08207b98edc8,15,49612.96,medium,2945,savings
2c87c268-0080-4c38-b73b-0021a1819d5f,5,86513.73,high,2863,savings
09b6e2bf-fa94-4c32-b56a-7bdb85efbd2f,25,54760.82,medium,1438,savings
06b96724-6628-4ecf-be89-3e588b942446,30,103155.39,high,1139,savings
28be12eb-bd86-4997-a9ce-ba761cf7f875,5,34425.69,low,3072,savings
c4f71a46-0d8e-4e39-8394-af21bb15ab73,5,92960.49,high,2013,savings
c44b7128-7478-4666-9462-323af438e842,25,70408.32,medium,441,salary
cfa8444a-8528-4f2f-b536-317e7a06d486,5,27217.62,low,2930,savings
a1ffa3f4-acc7-4c8d-8df2-ebb05c5c58be,25,39485.9,low,2886,salary
47da006e-9fd0-4284-9a9f-655d709e7385,1,70111.69,medium,80,savings
40286fc3-390c-4767-b8eb-cc9ba0e9ab07,1,57618.75,medium,240,savings
3454a7c4-df76-4408-9a3b-7e6f04b913d3,1,87986.1,high,2044,savings
48451369-75f0-4fc0-af31-90b9776a0afe,1,42144.36,medium,2335,salary
c4bc483a-2928-4fee-b66c-24bf3fb3534f,25,24963.82,low,1734,current
bb80b525-3764-432f-a2ff-47e1ee8bae39,25,95798.1,high,1875,salary
8854e5da-c4ae-4c30-92cb-325355c06fc1,15,31770.5,low,2359,current
36c4d755-6627-48b3-8acd-c80beffc534b,23,69603.57,medium,881,current
a68ff041-0dd8-4b0b-ab7c-5f0adc171865,5,21623.75,low,2290,savings
ccbc3a83-af74-42bf-8d8d-1e0ef162b369,25,29010.07,low,1222,savings
ef7c52fa-ca91-4c20-bd2e-77103495914d,15,25654.37,low,321,current
c82f78cb-bfb1-41cf-8d9f-031fa742d9e8,30,425739.81,very_high,2738,salary
33b519e1-5379-423c-8b62-7a7d6dd308b4,5,22295.53,low,640,salary
9dad891d-8a79-47fb-9e3b-ef68f971a573,1,84998.69,high,1289,savings
c5f20371-c0d0-4760-a9f3-ac5532836e6a,15,144483.48,high,1949,current
e1bcfe20-d58a-4fab-8441-afd27a1a7fc8,15,77707.05,medium,2052,savings
12b494c3-7751-4fb8-ba10-e960b9a90ead,3,75576.92,medium,2502,savings
e401ab1b-c650-47f2-8770-5d1084e6b59e,13,39238.22,low,2386,savings
bb6709c8-a6e6-4245-8f4e-0d4c1a1d31a1,11,35295.21,low,2390,savings
f93f55e6-7f6f-4a0c-9a4c-eb338829e6d0,30,112935.06,high,1169,savings
6d5c38d9-b0b7-48cd-a700-0da1a5ad040b,15,65391.39,medium,403,savings
16214754-0feb-45c2-8f8a-5188edf3dcb3,1,52842.33,medium,688,savings
e5c8b01b-9b10-4720-ac72-7aba44127a87,23,51528.71,medium,3362,current
1ed6eac5-f821-45b6-b068-b0904703998d,5,21761.2,low,504,salary
446fe51f-6fa7-49f1-90b0-b6c6d314701a,27,60583.85,medium,2723,salary
a1852bec-04db-4481-9509-631be0e84e94,25,42168.16,medium,2580,current
b0e88619-bb24-41d5-a03b-50cf3cdc3d6b,1,70399.62,medium,2279,savings
b10c39dd-d58c-45d2-bb7c-c086bbaad733,15,37616.93,low,148,salary
f576c1a2-67c6-4db3-8879-396834d30cae,1,49571.9,medium,2286,savings
cd453702-ccfa-45f1-ba7f-8f48897c20eb,13,48988.03,medium,494,savings
aa83eb5a-50d0-45aa-80f5-97a8d4947d3a,15,36642.86,low,2965,savings
302d5a35-d6eb-45cb-a193-e13a51df547e,15,109084.32,high,1964,savings
a5fff506-78ae-433d-a05e-40c9067069b1,21,55343.44,medium,2111,current
9bde067f-57df-4ee3-8533-815c8572e874,6,21396.2,low,3529,savings
17a57501-72c2-4c1a-af8b-091750b4f671,11,327708.19,very_high,1188,current
89ade645-c68a-4bfb-b023-9e54328972d3,30,120594.64,high,3574,savings
6b76b04a-885d-45bb-b06e-f71af7f49d9f,25,53804.96,medium,2255,savings
d395847f-4cb8-4eaa-b684-b233a96aaded,27,454360.59,very_high,1008,savings
8971f77f-c7d2-4dd0-b88b-89cae7492ac6,1,35510.89,low,3080,savings
9c69b197-2a3a-49a5-b317-391b818b843f,27,283430.9,very_high,3275,salary
843c37bc-a276-4cd6-b3fb-fe91c827601d,1,323365.03,very_high,2087,salary
f20e3cd1-c783-4f1a-9969-13b4d523f994,13,44014.58,medium,438,savings
0cba6370-30fc-47a6-9f54-fa5fda241df0,15,68897.75,medium,2711,salary
fc73ec61-67aa-4907-ad7c-febacf5b6d6f,5,35630.51,low,2582,current
68c81a3e-4a25-4f2d-af0b-b2999976ff38,14,74070.61,medium,3549,savings
8540cf99-4dc4-45b8-be86-236b877dbe0f,18,369379.71,very_high,2028,salary
1ab71ec1-66a5-4166-8c0a-f18594becebe,30,21368.41,low,1207,salary
09b9c701-b1e0-4015-9fd9-9954d9744bad,1,110378.0,high,2625,current
e9115f53-1496-4f84-b547-615baff544ad,5,23327.3,low,148,savings
e5724c60-98a8-455e-87f7-821a9e5fb57d,15,100535.74,high,626,savings
239a8da3-53ce-4ac1-b31b-5f86f5ee6b54,1,67272.01,medium,747,savings
5274fdd8-3026-42c7-86e4-433b4f822ea9,5,123379.73,high,2418,savings
1b33f819-bcc9-4ffa-bf07-41d5f97d8565,5,50159.09,medium,68,salary
ae965dc2-449d-4bc5-bcf9-fb73342bc4a0,25,51505.27,medium,332,savings
b40c8cfa-0739-48f3-9577-42e558809e02,30,63502.87,medium,1767,current
868a0d76-ba29-4465-8734-873a539c7285,28,52084.87,medium,3525,savings
438145d7-38ec-4569-b8b5-7e2446cc6975,25,31438.45,low,2894,savings
2faee03a-945d-414f-8305-23fb59f4364c,5,380380.44,very_high,2348,salary
5475f15f-7a99-4075-8b36-ff772d5fffa1,20,148152.2,high,3082,savings
4683923b-f758-4387-880b-0f0a0658a51a,9,250167.95,very_high,2516,salary
db13213d-7b13-4a71-9101-31bff4bb52ee,5,23802.64,low,3124,current
c9b610a9-a775-44a5-982e-9ec8574753a3,30,73533.48,medium,2600,current
a15f5b5c-d7a7-4ace-9e97-42aab815f2bd,25,57632.93,medium,3029,savings
67e8f133-7487-42bc-a88d-602e29365828,15,264351.69,very_high,852,savings
96f69abe-21b2-4cf1-897a-dc5842d5c785,25,78859.58,medium,1146,salary
5f919542-f9e2-4a43-84bd-e2fe820b3c37,15,36493.8,low,3333,savings
d2a6c0c7-bb1d-4207-8ac1-6cbe3658b193,15,136296.28,high,338,savings
05342b38-505e-47f1-b4de-7fad8b70ff4b,2,451049.21,very_high,1657,salary
2818d082-02ac-4d05-aeeb-3b023f72ee98,8,105604.25,high,87,savings
cd8bb100-4654-497e-8f3c-f43d2f4718ee,4,27371.71,low,1103,savings
0246bdd5-fc8e-48b6-9f89-734979616719,1,145820.43,high,987,savings
438d12a6-989e-4645-b185-0b445b106799,5,77726.77,medium,2528,savings
11562d45-9854-4267-8c33-3797461360d9,20,36477.11,low,1267,current
7f0d6143-521c-4a7a-a9c5-b7e5213b1d3a,1,20906.94,low,2047,savings
7319a507-f2db-4552-8e14-be9746ea353c,15,30750.93,low,1549,current
cf105fe5-08d7-4179-a4c9-88657d39e593,15,146218.19,high,3070,current
c2dd676d-0a1d-485e-bc4d-662b3ce275e4,12,125844.53,high,2551,savings
4f902b7f-009a-4fd1-9f82-fa55c799c00a,15,161450.7,very_high,1846,savings
885b9753-5ee6-47b9-861d-8c6d2cefb54a,27,27253.72,low,1534,savings
276370bf-88cf-4cfc-a3c2-69efa1fcaeba,15,275535.84,very_high,807,salary
4d545de3-9a5c-416e-8e5f-78e496155fd5,1,438466.88,very_high,898,current
28baa63c-dbdd-43ff-b3dd-8e21811f67c5,8,40854.3,medium,1027,salary
eeaeba05-8150-4aad-93a0-8b24b9925784,12,94364.39,high,2300,savings
23130b58-b222-4abb-b483-9a607d58a782,5,37393.91,low,634,current
91ca7028-3056-4bc6-a777-3602d224bee1,27,51090.99,medium,562,savings
2bafb4f7-5296-4cf8-9c1a-fb84d440c359,16,87694.84,high,569,savings
fb2a2868-fd76-4a31-985b-0662e7e734f2,5,96655.21,high,743,savings
6a9735f2-e8df-4faa-ae1b-5e90adeb8936,1,28419.21,low,290,savings
2abf7d82-0a20-486b-914d-2ffb2cec2bed,1,115926.66,high,2093,savings
58a6ef97-c169-4b23-8748-2cbbb2976f11,20,69089.72,medium,2728,savings
1e0cca8b-0ca3-4aec-be48-9f69c58fac97,1,78561.05,medium,1991,salary
37eb8c55-973b-44e1-b78f-d9b5ff753a92,30,44318.47,medium,1846,savings
2038c5aa-0642-4c34-a1bc-cdf63d611897,1,32165.95,low,1156,current
3da983d1-ead6-452c-8f48-9cb82b374e7a,15,68486.11,medium,2476,savings
22009cd7-c3f3-41fd-98dd-a63bb9d20e03,1,64217.07,medium,2904,savings
d6db6dca-2e12-4b02-bf23-0d389113baa6,25,75108.25,medium,3575,savings
f18e590c-c9e0-4b0e-afad-f94c64236fc2,5,49139.74,medium,1887,savings
a3af46ad-7952-4648-b285-2f3ee33bd534,5,101878.38,high,1074,savings
6e25f7f6-725e-4d63-a6d2-4520ad9c761a,1,38459.7,low,3436,savings
87e299f4-381f-4daa-a3a7-ca8db07e8252,15,69783.56,medium,562,savings
534a908d-7376-41d6-9075-3cdfd0417c00,5,62463.46,medium,530,savings
185985a8-f0c8-4b86-92b7-a063eefe5b37,15,145879.09,high,2983,savings
ed30930b-8258-4649-aa36-805c5476ec41,1,26248.98,low,2108,savings
a294a7a3-f07d-4c88-85a1-fd20412f04db,1,48969.79,medium,3492,savings
9e0f2fcf-8451-4524-8870-215604024c72,5,25571.36,low,1787,salary
0c0d944c-2a93-4606-953f-2cc5ff6bd89f,25,436449.4,very_high,2662,savings
2589b402-4cd1-4abb-9cfa-727a2b157bb0,30,66313.25,medium,148,savings
7b821184-ac86-4b4f-bd5a-a08f37e4ac12,5,101628.93,high,55,savings
a9a799c7-a100-4d00-b6be-41881a4607b2,1,33146.89,low,3065,current
56a78d00-baeb-439c-ba99-72c839de2cd1,5,34922.24,low,1749,savings
1bdc1313-da2f-4aa3-8bc6-e0f13ba3d246,5,26232.75,low,2354,savings
f78cee0f-da93-4f9f-891f-c3af3d43b965,5,90890.59,high,233,current
b6f60c1d-f8e5-4877-9332-97694d036c7f,15,33238.77,low,1840,savings
17f6e94b-63f9-4935-ac8a-a7deacce8d50,5,30246.93,low,484,savings
3834e4e8-843d-4f23-94a4-d920e2a98a8e,30,59465.31,medium,216,savings
8d27b90e-f660-4b8d-bc88-181357eb75e0,1,169173.69,very_high,895,current
1d46fd7b-33db-4050-8abe-3e879a6c73cf,1,100261.3,high,2067,current
7cf282c6-7a30-499c-b679-8748e239fcb8,30,27604.15,low,2079,savings
db61ea0f-a6e9-4260-b697-1255402df4ad,15,54166.69,medium,3069,savings
725c7576-8769-4953-af8f-9ca1c565e375,15,38423.25,low,2388,savings
fe583015-0aed-48b2-83b3-198e10256fd1,5,65605.67,medium,1689,savings
26daead6-a952-4683-b7f7-0fd460c911e9,25,72052.89,medium,3437,current
4e71b9e9-5547-4c98-a06d-d3afb4344735,1,57468.47,medium,1814,savings
fe10c7b8-fc07-41a6-bf3a-fa2ed969d1fc,5,55830.67,medium,1420,savings
bbb906d0-182b-4bd1-b373-fb05a5897165,30,85346.56,high,2203,savings
75ca1ea9-7140-4dcb-8420-4719eb6bc03b,2,272281.34,very_high,3384,current
d89446f9-b833-45f3-b823-b751fa7e2aad,5,22056.09,low,740,current
fe2e3126-2955-4d7d-b72c-d1d7ae8ab48c,1,125885.63,high,3195,current
52e2be8b-a9e8-46b1-a678-a6bd1f8fdcf1,25,62549.42,medium,2819,salary
fdf30ef7-193c-4fdf-81ba-0f09d3dd64f7,30,65411.93,medium,3569,salary
2714a07a-0b15-41f3-a98b-25d71213aaa7,15,57590.51,medium,2616,savings
4fc88f59-4d98-49eb-88ec-ae2eac9299a3,15,21123.44,low,1301,savings
378423c9-24b2-4d12-83fb-b40618ffb6a5,5,27374.75,low,2670,salary
1bea2d12-f9ef-4924-9979-343c37029bd6,15,123050.59,high,1925,savings
efaba186-e876-4f34-9766-784b920c7c0b,1,408622.37,very_high,3347,savings
2b488310-4623-4b54-b936-a605f5072545,15,32100.12,low,283,savings
449d87ef-411b-4cf5-8b44-a97e7a77cb6e,27,138616.4,high,375,savings
e3f334aa-5c2c-480b-94d6-814a370f0004,15,24954.87,low,1829,savings
36e46e1c-d5c9-4875-9960-aaa07d8d25ec,21,54555.92,medium,1616,savings
e1475965-d08b-4d7c-ba84-bd06828cc922,8,63915.43,medium,2681,savings
0e3164c8-e639-405c-8c13-8fabf879807b,15,62318.53,medium,1062,current
88682d25-c298-47ec-8d4f-b6709ea6cc7f,16,76253.71,medium,1395,savings
43584449-388d-4845-bbc2-3b0e4825dae8,5,76669.86,medium,2717,current
d0bb20e6-1456-4998-a1b8-b3819dc71026,22,63801.65,medium,1298,savings
73413791-ad9c-4055-a353-a883bec7eec1,1,53139.06,medium,2908,salary
c1ef5a8d-6462-4518-99bd-4879b8e27e67,25,127979.01,high,2676,current
88a6a7b8-a6b4-4e7f-a128-6b5cddaae700,5,40729.22,medium,907,savings
3c1c87d8-466c-4de2-8f95-f2215b44ac79,28,93440.37,high,664,savings
fee7c7fb-230f-45fd-b631-93cb30c2a1cc,6,87079.85,high,3450,current
4bcfe9b3-8c8b-4256-a3eb-56024137beb2,17,66477.17,medium,2561,savings
4295baa3-5610-4427-be53-48716a70b00b,12,46489.89,medium,3188,current
314dd91c-2a09-4634-8383-152bb266c455,1,402414.05,very_high,1522,current
dd8448a3-e93b-4921-bec4-15ba6e57cbba,5,28883.97,low,3096,current
fb7657a3-e679-4fa0-98d4-70d4279eae94,25,24783.37,low,3242,savings
1000779b-fc23-45af-bb8d-9c99b44fd0d1,23,105748.87,high,1834,savings
7de99935-1e2a-4247-b200-9f45f5f32fe2,25,27637.45,low,693,salary
00ec6466-50b3-4650-84ae-a72e89f8b06e,5,89687.9,high,2656,savings
79bf22c7-7b43-4b62-ac40-9266063f5049,30,77371.74,medium,2143,salary
82e34a77-0652-4d0e-9ba8-db7c47a47c3c,5,35262.34,low,2132,savings
46c16eea-5675-450a-8fba-bfa5037b8cd3,5,77856.53,medium,1877,salary
355ca2cf-70ce-4a9e-9a24-724ba6ab80fd,15,295213.92,very_high,1561,savings
32f31528-e0a5-40d8-9e50-5fda3af58e29,1,281219.44,very_high,435,salary
30d5fc37-7550-4de2-bdf6-4e322425f6d2,1,71655.23,medium,1205,salary
f9964f16-1388-4229-9583-8ca9eb07c5a8,5,73244.42,medium,1951,savings
238e003b-8b65-4100-8c3a-e7ba86851e24,5,21584.52,low,3450,savings
42c69799-ef69-4a19-9cfc-46513b5c8df8,15,363108.03,very_high,3209,savings
56001fb8-3a8f-49e9-9972-7652de077742,15,41909.98,medium,3281,current
50c20878-4a7a-4268-8521-e722439ee15f,15,36733.75,low,2225,savings
b07e9934-3eb7-4b37-84ee-df58bd13f9db,1,49677.53,medium,1788,savings
4232baac-f6b2-48ed-a02f-ccb9152d928e,1,62826.55,medium,2767,savings
443ed569-ccdb-4cd2-90b8-b252a62f0fa9,25,173687.76,very_high,2108,current
fc70d81d-0d1d-4ac0-8533-e01c18ccbf0a,16,40813.37,medium,208,current
ca511eb0-17c7-4f58-91a3-ac3d5da79603,1,238777.59,very_high,3259,savings
52e074da-9c5d-4fbe-b22e-ef54d34628be,1,33142.09,low,2413,current
5d5d1503-d9d4-4948-9376-ea5f2bd329a0,25,41773.43,medium,3362,current
67f294ec-6b7e-4a9b-9bc7-126fd2adce29,27,127927.78,high,1990,current
9edace0a-c83d-4a5d-92ce-72b39eb46b80,7,84417.04,high,1904,savings
e8345117-e9f7-438c-91ec-0551827162bc,17,35822.18,low,1322,salary
375d4b64-250f-4936-a470-08f33418c531,25,79564.91,medium,1067,savings
21f1504d-2731-4f4f-a25d-dacd1d276e28,15,51444.44,medium,225,salary
391fd892-fb9f-4fe4-8dfa-4913f78e1221,15,44979.0,medium,1668,current
922ceccf-3f21-4806-b838-07c7cfbff822,26,107065.13,high,2062,current
84f1747c-6463-40ab-b0b8-ff9a8ea56c02,5,71891.64,medium,368,current
c3f641a2-b3bf-4669-9216-ee6355779526,11,32049.07,low,2264,savings
e133f9f4-7828-4193-be10-9d18662b8500,5,26558.4,low,1856,current
b14b697e-461e-486b-b884-2986a8f8f8ee,5,67590.59,medium,203,current
65528ab4-634b-45fa-a17f-9b7b38082c3f,15,365198.02,very_high,2649,salary
84f443ac-8f56-4b4a-8126-6ff0f216c399,30,176264.41,very_high,1518,savings
4df2379c-a49a-4801-8019-0a8302b480f7,1,91199.07,high,3506,current
22676171-1010-4188-a3f1-66bd8e1fbd0e,1,82435.93,high,3218,current
0206a3ef-46f9-434a-bd10-bab17a28b705,1,77978.68,medium,658,current
1acf9cbf-b3c6-495c-97e1-2283605f25a0,6,280204.68,very_high,2380,savings
0c1af92f-41e7-44b7-abe2-1c879dbb109e,5,52575.42,medium,494,savings
d08bad7f-79d0-4074-8b9f-7b2f4b313fbe,20,30354.91,low,512,savings
02d4aded-a143-4192-8bfd-1b75a1fada6a,28,28925.46,low,1199,current
9b3143e4-b18f-4534-8944-c266068f3b0a,1,220062.42,very_high,333,savings
63202c66-7e34-450b-8f41-4440e58abaed,1,111157.78,high,2823,salary
b5586956-d302-4c8e-a385-397d8683189a,30,383743.93,very_high,2282,savings
98d3a7ce-ea86-4a5e-bc1c-a8728dc1a02f,30,139595.34,high,2898,current
ec5cf14e-1dfb-4424-962b-ad856ccfe483,1,115612.9,high,853,current
aeb47405-b86f-448b-b470-80c6b887af40,15,29880.44,low,2374,savings
3a01ea7b-803e-470a-b195-e984e9cfa8cb,25,118615.29,high,383,savings
ff0c1d36-c608-4bc2-91a5-9c04f6d61cc6,15,68677.34,medium,1712,current
67b405ab-9b70-4dcb-b9ae-5928b4b570e2,26,85162.55,high,2661,savings
a22dbd99-a13e-4510-80cd-7b34651536dc,1,60694.4,medium,3425,current
86924924-7a7b-41fb-aa5a-70d7496e5ce0,25,47278.53,medium,1802,savings
474481a2-ddc2-4fa2-abbf-37665d0e0095,25,138197.36,high,1275,savings
6e9ce201-e112-468b-ab9d-f9440eba118c,5,68373.29,medium,2155,salary
e8ec67cb-66d8-4521-a3ae-9c1e561418c1,30,97542.37,high,2286,savings
256cf194-fdb4-408c-85a5-63721fc0eaba,1,64577.13,medium,2655,savings
948d4c56-97ff-4ef2-8f5c-3de48329c2cd,30,203967.99,very_high,2981,salary
9d1bdd37-8476-4017-af37-bf9f5452d692,1,76957.19,medium,3568,savings
eda41cc9-110a-4f39-98f6-e42dd8640cac,25,32829.07,low,2697,savings
65a19608-c940-47ed-91c6-70c7a3169c7c,1,64724.34,medium,2598,savings
eb9354e6-3363-49fd-aa57-71001fc1ba55,5,52083.76,medium,3336,current
6a9072ec-8d5f-419a-8842-2833d6159708,1,21459.46,low,1830,savings
7ab818ad-6cf6-4249-9991-f734c3daee77,1,53607.7,medium,3558,current
c66b629b-1e83-4a04-a882-b066c5667881,26,140254.42,high,565,current
9bc3df80-ca77-4511-ae1f-6e7e0a6cdcc1,5,44247.36,medium,531,savings
ff655970-749f-4a54-9a73-943668d77b3c,5,21936.23,low,1603,salary
ae78e0bf-4735-43be-bb93-10eaa1160efd,19,78507.43,medium,3362,savings
f6b470da-66ab-4cdb-91ff-944093ecc2b3,6,52508.6,medium,2070,salary
6daa2dcc-437c-4ae0-810e-7c112495e3a4,15,75163.03,medium,398,salary
f57f058c-6c9d-4f0b-83b2-7a6db717438d,5,78667.47,medium,1475,savings
3dad540d-deb7-4a2d-ae06-981251fca8a2,13,31950.38,low,2784,savings
774289aa-9ef1-4dcd-909c-229abff1842d,15,73886.89,medium,3644,savings
7e604665-582b-4a9b-a6db-4f2884593cc6,1,56130.16,medium,239,savings
21b5f7db-1869-46e3-8b45-3b5aaa1a9f52,1,31064.46,low,2095,savings
88d8ea5c-8081-4895-980a-3176676200bf,30,73012.45,medium,2532,savings
da278373-3a65-42db-83b2-32eb72fe6d7b,9,287866.3,very_high,1418,savings
d9bc2fd5-49ba-4858-b831-08039d36532a,25,45770.69,medium,1674,savings
0fb63cca-c7bc-46d3-bb2a-b4ca40990970,5,22740.73,low,1970,savings
d0fbd1a2-8d2b-46cd-aaa9-7483aa89b3a9,1,37862.63,low,2541,savings
386ea33e-1a92-4fbd-abda-c151152c2046,13,64660.02,medium,2461,savings
79707ee4-b7d8-4d5d-9821-81f311c2339a,30,117263.79,high,1257,savings
7a02b96e-1bfa-40ad-8567-7339fc5a3df6,1,26624.79,low,1736,savings
8edc7e1f-1389-46cb-8abc-cd894490a195,30,130772.69,high,139,savings
f35958ca-f853-41a7-a5a3-0fc6f0e90a9e,26,33111.82,low,2399,savings
c40d7e8f-d488-4448-b644-8b10c662ad4d,1,120846.63,high,2606,current
9faa65d1-4688-48d2-bcfc-c8ae4b5c07fb,11,106613.32,high,1022,savings
78e1e708-1875-44d7-a36d-6ae6bc5e4f95,1,188463.43,very_high,1314,savings
168368c0-e718-4ba3-aaae-304a56e7c3c4,15,48155.67,medium,2534,salary
eae240b7-18a8-4897-965a-b666a085b062,1,131508.61,high,595,savings
c985589c-56e2-4ca3-a991-538355ac916f,15,79924.91,medium,1573,savings
a1d6c457-5d31-4932-88ad-1559c817b1ab,5,38242.48,low,1481,current
cd83c985-bf7c-4d36-b081-1ee4c2767643,9,127652.21,high,1112,current
b2f089d4-7b51-403f-b479-c4be59778a0e,25,24930.38,low,951,salary
e89dd82f-40b9-4681-a9ad-c8c084ff6d62,30,419910.99,very_high,2857,current
4219c5db-e3d7-453d-a793-f5dceb35978e,22,53952.13,medium,3287,current
996fc2f4-bc40-423b-b46a-f30e7938edb3,25,31469.54,low,1646,salary
9f6d540e-c5c9-44c6-9a86-cc77d359ded4,5,431615.54,very_high,1208,salary
bbb29515-079f-46f4-b7eb-a00e66c8644f,30,38480.19,low,3091,savings
baef2988-8d6f-497d-ac18-768103bb0b77,22,30771.56,low,2881,savings
f84d9420-9efe-469d-8312-87cf3a2e6c0f,5,34817.82,low,237,current
f3c275ae-4c1d-4ce7-be23-f98c805d88db,1,65517.78,medium,1722,savings
2715bdd7-2024-49ca-97b3-ec65dfd45841,1,67247.68,medium,2284,salary
629bc109-1469-4748-96eb-1301ad3ea6a8,17,33057.86,low,1978,savings
070c0a5f-a455-4e1d-ac45-ceacb2a8397f,5,39278.28,low,2675,savings
0fd11038-e4f3-4341-a50e-d759f4e28124,5,125660.91,high,3055,current
2f896d15-0901-47de-ba73-dc72db0bc9c0,1,469630.4,very_high,3643,salary
6d695929-3bb2-4acc-a0bd-1a5132541a85,13,162718.95,very_high,3257,savings
74228560-442e-40e7-865b-bbc8ab44adf0,21,486745.98,very_high,3621,savings
3d43472f-06a6-41c3-8cdd-5d954b73aea1,22,32055.66,low,1402,savings
21f97ff7-63e4-4460-b9ab-27996e81ec21,15,340155.17,very_high,579,salary
d34c8e29-5e09-4cc5-a3ae-d7911eeb1558,1,47712.46,medium,695,current
45ae3b7f-eadc-4e58-b6ad-bd1f4ded90fd,1,68743.93,medium,1410,current
c7231f31-5293-4678-89aa-49f0764dc206,1,70291.31,medium,3536,current
1ad34992-42b6-40a2-8a3a-c2c5d82cf938,5,57108.13,medium,1671,current
31272176-6fcc-424c-b99c-d9c4ef61403d,5,22812.24,low,1046,savings
f5dfe6b3-3133-4982-bff7-c6163a0893cf,5,57869.42,medium,1380,savings
530393f9-929f-499a-a92b-334ac9f8d8df,30,80800.5,high,2867,savings
933f7a9f-182a-4543-adce-5ab38ca4867f,1,58615.8,medium,2840,savings
4e6dd9d4-8620-41a2-a208-76d17c1cdd6e,5,129248.99,high,510,current
29558e34-a0e4-41f4-b6f7-39ee4e8f28f8,5,278640.37,very_high,577,savings
23a66589-8ae5-4504-850b-8d48ea462813,15,79553.52,medium,2905,savings
eadd83a2-c5c8-4701-ad1f-59817814ccc1,30,61500.71,medium,924,current
3dde3f93-b16d-4f9d-ab97-307455762b79,8,63832.58,medium,2182,savings
49202d72-19b8-4a80-b6a9-ff9f794f33c4,25,85467.19,high,282,salary
63673bc4-9b6c-46b9-ab3d-c4d9290d88c0,25,220754.87,very_high,703,savings
60b7433e-a4c8-47ce-8649-22ba95ea69d8,1,44649.6,medium,2418,savings
7eda8698-1473-4f30-95bf-d7d38a1bb354,1,111183.79,high,570,savings
9b7f361a-f612-45b4-bec1-02431e7498ec,15,42309.47,medium,3335,savings
4a5d5710-7f5f-44b1-b100-98ed15ff934a,1,25089.14,low,922,savings
5404e768-239f-496c-a48f-04145788f7f0,1,26890.58,low,276,salary
f0718bb0-6933-46ed-a198-0f96bde0f2ec,1,38675.51,low,1704,savings
8df38fd5-9653-4dc0-8f47-f0036ee44218,2,32830.5,low,1751,savings
b8709f19-653e-419a-aa60-4b2c2f4904c0,20,111397.6,high,1576,savings
c0760453-3495-472e-afd6-6c670c9052ac,25,66471.7,medium,2706,salary
3a506899-3728-40bd-91d0-70e68ebfd73c,15,39856.94,low,551,current
9b11cf3b-d69a-4936-8e5f-d3136a6c3ff1,1,20069.47,low,1252,savings
2adc054a-a772-497a-8593-292b64a0b59d,15,109688.96,high,970,savings
753e9338-1a8b-436e-b955-1715b39bb7d7,22,51025.99,medium,2999,current
3a1590a7-0857-4f60-8327-eb712938ba0e,25,33203.95,low,3649,salary
de5effa0-8eaf-4b28-8446-09d7bdad6575,25,21345.82,low,1858,savings
a95c2bd0-97b2-45b0-92da-642535691572,3,83407.34,high,1677,savings
4e0a6024-8bd3-435b-a34e-e2d6305ec538,7,70175.43,medium,603,savings
e85deef1-efe1-4d9d-9128-11d61766b999,2,36315.73,low,1336,savings
68f2a183-69c4-4d0d-9914-20ecd6d2f88c,5,137286.77,high,3619,savings
9b80b2f0-2767-4e94-ad32-024ca2eae90a,5,48841.71,medium,279,savings
41de5fb4-77e8-4435-baa6-ea5135dd6034,1,69408.48,medium,2810,savings
24eae1ef-4128-4d5b-a7be-10d16b053b9b,23,78891.61,medium,2779,savings
d3967022-e0bd-4760-b213-44516f476286,15,67852.34,medium,1258,savings
b76ce9ca-1a0c-40d8-85ab-7862abadfd44,14,113146.32,high,1261,salary
10bfc6df-2927-47f8-8bf2-3ae76a6f7d56,1,29260.5,low,1720,salary
31452a2c-9f8e-4415-840f-c6b39c0bd99d,5,45363.71,medium,862,savings
cf5d7d7e-c734-4050-a8cf-4d34812fe515,15,28995.74,low,2223,current
e4a2f929-34d2-49a0-a950-448895b1109d,30,25369.23,low,2499,savings
0f2f6445-5328-4ae8-9660-b42c889d73b2,25,36093.01,low,2780,savings
e66b75ad-6844-4310-abd2-eaa12465fc02,5,74778.95,medium,92,savings
fd8a42c1-7a02-43e1-a0c4-49d757d18dbf,4,34829.5,low,3119,savings
46ce8023-76fd-4535-bd56-972771f98594,1,32088.03,low,1010,savings
5b6ae2fc-9aa8-4b98-939d-1c69479a89dc,25,106646.32,high,1501,savings
b8750ecd-b08f-4bfb-bf1a-8f504ed9490c,15,75312.48,medium,3318,salary
e2a17548-152d-4eef-8a9e-d080b2c8b46f,20,73589.25,medium,1548,savings
d18009be-c1d9-4b63-bd93-51e5c371da44,3,37281.7,low,96,savings
47f3af6b-69bf-49d8-94a3-9eda9713e1e9,15,352700.02,very_high,654,savings
61bedb59-9474-46ae-9e59-e6e5dc5a6ef6,5,31395.79,low,2285,current
d2b462d7-4491-4fd1-aadb-2df464cc1f5e,11,50293.07,medium,2993,current
140e4f20-e3b7-4820-8923-a9760ef8b324,9,46729.35,medium,723,savings
fef4c65b-e5a6-4514-b858-f36aaefc157b,18,47361.91,medium,2658,salary
dc5fa337-f74c-4af8-959c-c3fa07fa57e5,1,73562.74,medium,3380,current
99a4031d-303f-45fc-aa2b-528bec802a1d,13,108867.46,high,977,savings
523a92ed-df0c-4e07-bc48-68c82e295d40,15,24374.39,low,277,current
c2872f90-b7d4-40f6-b9eb-fed18c225743,15,64660.77,medium,2028,savings
9dbd4c2d-c945-438a-95e0-1e382c155def,1,56453.54,medium,2988,savings
6786d319-8089-496a-a4cc-77d8dc4058d3,10,155999.91,very_high,2790,savings
143cbed4-1e25-4ef2-8640-0475a698ecb3,21,212743.39,very_high,2177,savings
93835586-d1ca-42f2-a07c-6b9d5251fc62,11,30529.12,low,1124,current
8b65aa28-160f-4656-a2e6-fc65c5becab8,15,39185.96,low,1026,salary
681f6aa1-28fa-434e-b2a2-5d2f24461de8,14,33680.83,low,2707,salary
6d29bdd8-cdbe-4d3d-b714-11b3c5ece0ce,15,41267.38,medium,1574,savings
dd42e743-2d24-440f-a8a2-d66f7a8c4cc9,1,20189.0,low,2077,salary
0c5378c9-f3d4-4e6f-8826-a53001bc7f1e,26,53250.82,medium,420,salary
e96ea490-9e29-438c-a7ab-acbe1249dcd1,19,230418.27,very_high,2865,salary
ea0bfd93-0f22-4a3c-be4f-88eefc77ba81,1,41862.48,medium,1178,salary
99c7e548-3792-4f51-a8e4-b7a4a485e073,22,41316.07,medium,1318,savings
dfa0e0ad-7828-444b-a889-c898bfc0fa9c,11,22883.83,low,3392,savings
bd987639-511e-4a74-904d-f82668766894,5,23249.01,low,3448,salary
11273dd3-f256-41eb-859d-872e330da517,15,61622.5,medium,3059,savings
d0f23f5e-e11f-46a5-a2f4-2d13df1c8916,15,403457.25,very_high,1446,savings
8a167e85-35cb-4e70-abc3-b86134859b6d,5,73546.99,medium,3179,current
b770ba63-90d7-496b-ae7a-b0edd3c62f9f,5,78756.82,medium,2627,savings
4b3814ad-46fc-4f61-8dd1-18d71c86b471,5,321711.21,very_high,1567,savings
850ac4e2-f453-4ea1-a394-04d83d3dbe25,1,66426.88,medium,2563,savings
41692f2a-cd51-4ce4-83fb-4027576835ba,5,21470.13,low,1586,current
7ee70fde-4616-4ff2-9c53-9a648e448a76,5,69586.21,medium,466,savings
c6be1a66-6f8f-4484-b09e-66256dbfd4e9,5,305657.55,very_high,448,savings
3982ddd4-39c2-4ee7-a931-802564a1ef5c,25,28976.87,low,1701,savings
c1589942-1ae7-424d-895c-3e905a60b4e9,25,31084.4,low,3243,savings
94e64200-6212-4850-819b-578a0c43f323,15,51673.89,medium,376,current
0402510f-0e05-4225-88db-1d7972bc9c38,5,79709.21,medium,2164,savings
7397db6a-4e33-463b-8b32-a75e8aba85d7,5,45553.6,medium,2049,savings
23df441e-bdf1-4950-a292-66ee3e5a8c24,5,25519.24,low,3235,savings
adeda7c0-1dc1-4d9b-af50-36e3267fff8c,30,24931.8,low,2462,current
a30435c1-499b-4f23-ba17-5ddf841a9136,1,45419.58,medium,1650,savings
05d24d2d-dc88-4d5c-aa63-87892f9ff844,5,72163.06,medium,1401,savings
d45dfe5c-319e-413d-b49d-f3b669e37fbf,25,125572.58,high,1260,savings
5d0b69ea-db1c-4585-9a47-c8f38fdefce7,5,220298.02,very_high,1661,salary
47e7bffc-f2e4-4013-8a76-3c425296bd5d,15,33899.16,low,2388,current
