customer_id,observation_date,label,days_to_default,default_date,default_amount
371e2edd-5e61-4f7b-9100-de18f5957db0,2026-01-18,1,30.0,2026-02-17,1392.7
f231bdf1-a3a4-43ae-bad9-4d3a3df4a464,2026-01-18,0,,,
1f6b81b3-2078-4255-b5a8-cfbcf37e673a,2026-01-18,0,,,
4987e3ee-335d-461a-98c8-2a619229c2e6,2026-01-18,1,30.0,2026-02-17,31400.49
0545d512-c6c4-4b58-a722-67093bdfa8b6,2026-01-18,0,,,
90adc4b2-6ab5-46a0-8989-ba7b0d8e0ec9,2026-01-18,0,,,
9b9397a7-19d9-43de-bbba-a06fa6d2696b,2026-01-18,0,,,
8257907d-3089-4cb5-8b1f-1f16342bc35d,2026-01-18,0,,,
64756159-d40a-4d28-ac94-4295648d4e64,2026-01-18,1,30.0,2026-02-17,26987.5
9f1956dc-e988-4274-ba30-c3905177ec8d,2026-01-18,1,30.0,2026-02-17,2555.63
4c037362-1f6c-4b8e-8c16-0a57551d97b8,2026-01-18,0,,,
8c0a397a-a628-4ed0-9596-ff85984f1be4,2026-01-18,0,,,
fd2e1d83-0483-4d3b-8a37-c5a830a7793a,2026-01-18,0,,,
85ef7131-30e9-476b-aa9f-29e292e6c11a,2026-01-18,0,,,
416f7035-5701-4f7a-b4e9-190f858e118c,2026-01-18,0,,,
eb3b760c-95ff-47de-8597-ff669036897c,2026-01-18,0,,,
db35144d-c4fb-4366-98b1-6d2676dac41f,2026-01-18,1,30.0,2026-02-17,2763.14
7dde550d-5ebe-48e9-a3d5-27b4976d5d84,2026-01-18,1,30.0,2026-02-17,1783.65
7fc928a8-cc13-4adb-a587-25ad6461dac7,2026-01-18,0,,,
ce74c8ce-5375-4190-afeb-6a06c89ec772,2026-01-18,0,,,
60d04ff7-c084-4e0c-9498-7f99540cf692,2026-01-18,0,,,
5296661d-a4a7-416e-b428-5b17c7e05c9f,2026-01-18,0,,,
3ed8ad3b-cf93-463e-aa53-3e96138787c4,2026-01-18,0,,,
2ef87623-84a2-4452-8505-d29df2c52fee,2026-01-18,0,,,
0ff2d596-b430-43e9-bd5c-afa261107aee,2026-01-18,0,,,
159740b6-28c8-4122-9674-f144e92231c8,2026-01-18,1,30.0,2026-02-17,6576.63
c95826f5-6ae5-46dd-84eb-5ef2acb26de5,2026-01-18,0,,,
e59c5df2-8dc5-4a85-8c80-77a635e09f6e,2026-01-18,1,30.0,2026-02-17,1599.46
9e2841c4-95fd-419e-b637-b3d45ad00a5d,2026-01-18,0,,,
a4832d53-1b92-4ec3-a29c-4e999d63d8e7,2026-01-18,0,,,
b320e39b-97e4-4c6e-bbbf-648118da1aae,2026-01-18,0,,,
8009c215-4165-415b-b32b-c81a7279c0c0,2026-01-18,1,30.0,2026-02-17,11135.42
9b825416-b9e5-4558-85cf-eddc64f45685,2026-01-18,1,30.0,2026-02-17,3627.82
9a570dc6-d067-4929-bb45-2878dd8fa3e7,2026-01-18,0,,,
6b7d834a-7dde-470c-a0f9-0569a4188249,2026-01-18,0,,,
d4b8df0e-9787-4a38-81df-ffb7072c66c8,2026-01-18,0,,,
e7034ea2-ecb8-42a1-a4cc-f2e9534f3189,2026-01-18,0,,,
a97bd192-54c8-47c2-b9ba-118af317fca7,2026-01-18,0,,,
e13e0295-3da0-41c8-b781-1c643316a06c,2026-01-18,0,,,
212bedea-9d3a-4d2d-8e34-cbec9ad7d042,2026-01-18,0,,,
6330558f-57cf-48ee-8156-b3c4679b106b,2026-01-18,0,,,
6bffd241-e4cf-42b0-9bd4-aad8d6bba60d,2026-01-18,0,,,
42b7b959-cec6-4806-8d6c-ceb3cd9bd949,2026-01-18,1,30.0,2026-02-17,1099.18
e217e3f9-ed51-40f1-ac1b-21cc15fd68e3,2026-01-18,0,,,
19c5c210-b56c-4647-b2ec-ed0a4c112562,2026-01-18,0,,,
8abb70d2-eb19-4ae7-bb46-8e49810a9cf0,2026-01-18,0,,,
caf2f60c-3aa1-4837-b901-5bc178d6541c,2026-01-18,0,,,
c317bc17-10fa-452a-8f37-e3ca1bb2fca5,2026-01-18,0,,,
5344223f-7a63-411a-b3d4-7562306425c6,2026-01-18,0,,,
81de6c73-4e5a-4944-b84c-e77027c46c6a,2026-01-18,0,,,
e9d5b9df-9e70-4c3b-8183-876c8dc13068,2026-01-18,0,,,
cb6fa3a3-2fee-43bd-baf3-39e47017d977,2026-01-18,0,,,
b5008fb9-4b3a-4629-a517-d5f4a8682b01,2026-01-18,0,,,
79363f22-2a21-4b1f-9a54-3e64697d7dda,2026-01-18,0,,,
fab35797-f6b4-4028-94ac-fd12f4408c3e,2026-01-18,1,30.0,2026-02-17,2674.18
67344361-cc3a-4920-9712-eb0d94c08c2d,2026-01-18,0,,,
623af7d8-113e-490c-bc5b-94746908a548,2026-01-18,0,,,
ea62564c-6199-48c6-94e8-288a9da4838f,2026-01-18,1,30.0,2026-02-17,2262.28
5f2e83a0-0fe5-40fa-951c-649e100c504e,2026-01-18,0,,,
956c4004-95a3-41d2-81d6-d2bf4f5856b5,2026-01-18,0,,,
200fe1e2-fcb5-4958-b75f-bce4f2a53eb6,2026-01-18,1,30.0,2026-02-17,3627.55
7d8e3b25-42d4-4e72-bd4f-b1e30df6f0b4,2026-01-18,0,,,
392844a4-481e-4268-866d-a73cf2cfa35b,2026-01-18,0,,,
706af7ea-443d-497e-a31c-b715cf5ca9a0,2026-01-18,0,,,
1e401f18-9b5a-40fd-8b45-c67e585e7cdc,2026-01-18,1,30.0,2026-02-17,13626.9
bc690662-8f24-4a0f-9776-14274a885a31,2026-01-18,0,,,
181be263-4f09-444b-9d57-ae74e051b5ab,2026-01-18,0,,,
50895c66-a013-44ee-ae40-86556622cf88,2026-01-18,0,,,
7be51a20-b7b4-406d-8ddc-b3cca211f64c,2026-01-18,0,,,
2c9bde81-e04b-49dd-8a74-2900bd6f33e3,2026-01-18,0,,,
b864008d-f974-4317-8c1f-1e6288984afc,2026-01-18,1,30.0,2026-02-17,3446.9
d8bc4645-7f6e-40be-b885-fc45cf249010,2026-01-18,0,,,
c54042e1-47f3-4a4b-8514-e7c9ac3ebfb9,2026-01-18,0,,,
c378f85d-eec0-4567-bd51-dd4993ae9678,2026-01-18,0,,,
bc0cf3c0-21d4-4a0b-be8d-aa18c063b462,2026-01-18,0,,,
1906c502-411a-47dc-9178-f0caa59e53fc,2026-01-18,0,,,
ac81a1f8-3cbe-4828-8028-959f24377c89,2026-01-18,0,,,
8d648e13-5caf-4e8d-90cb-1f39e07e3c5e,2026-01-18,0,,,
a7d39951-f3b9-4956-a0af-bf4d28bb7b82,2026-01-18,0,,,
8393af45-bedc-4c6c-9a6b-1547a9a370ca,2026-01-18,0,,,
734f9782-c84b-482b-bebd-72c253821472,2026-01-18,1,30.0,2026-02-17,4437.0
76375c29-89c7-46b0-9c46-fd6bbf0467fe,2026-01-18,1,30.0,2026-02-17,31403.22
aade3862-31ca-441d-b3f5-535b48beedaa,2026-01-18,1,30.0,2026-02-17,8349.63
7a4a09bc-47d8-4573-9861-4acad281ad6e,2026-01-18,0,,,
9934bb0d-f482-43ed-8105-3e6ab5851649,2026-01-18,0,,,
51f83294-0a1e-4f7c-8c8c-5b21be5f4638,2026-01-18,0,,,
7ba32615-d612-4f70-bf23-0bc646a31d62,2026-01-18,0,,,
1e13099b-e677-46a3-92df-8c5461d54ff5,2026-01-18,0,,,
86b23bf2-3938-4658-94f4-9efa6debf651,2026-01-18,1,30.0,2026-02-17,8419.52
5593fb4a-2760-460e-9ffa-e6bbd5af4a10,2026-01-18,0,,,
1a0e4196-048c-4667-93eb-01c5afc3ba5f,2026-01-18,0,,,
7bde5881-2b5f-4b80-8971-e08e1d4b5159,2026-01-18,0,,,
faa80840-58e6-4395-a43c-94bd76b96fe2,2026-01-18,1,30.0,2026-02-17,13184.96
d0588aa7-507a-4f79-bd0e-643f2d8ca910,2026-01-18,0,,,
e3358a4f-9fb5-469b-9a9f-09110ef7b3f9,2026-01-18,0,,,
319508de-97b6-436a-b7e4-1209d8e554fe,2026-01-18,0,,,
23e7d038-ab1a-4e51-b9fa-a0e5c245e2b6,2026-01-18,0,,,
764d7150-7058-40e8-9f63-3666142e9669,2026-01-18,1,30.0,2026-02-17,4556.86
c88c7c78-a60b-483a-86bf-181095571c8b,2026-01-18,0,,,
460c90a0-b934-4510-811c-2c8f8353de0b,2026-01-18,0,,,
67871adc-7900-4786-a99c-00c93b600915,2026-01-18,0,,,
b2b75c91-8b81-4e7f-bd5d-51c5cad051eb,2026-01-18,0,,,
e4375836-2a8f-4cbd-b544-a4de7e845b40,2026-01-18,0,,,
9481ee8b-c09a-4839-8960-7dce4130f9c0,2026-01-18,0,,,
ff4cffc4-4e22-42b1-945c-b75afd52e7f5,2026-01-18,0,,,
20ab67c8-85d0-4095-ab85-9961f7629867,2026-01-18,0,,,
da9a1498-b0d4-47e4-ae7b-cc52826e2605,2026-01-18,0,,,
47025780-c3b4-414d-83bb-3ed5cd5dcbfb,2026-01-18,0,,,
9552036f-ad81-4ceb-a3e7-1216e5169cc4,2026-01-18,0,,,
831475c0-2976-481a-a9c6-111ccc9be82b,2026-01-18,0,,,
dff93b51-6e0c-419b-a699-06be032dac96,2026-01-18,0,,,
7f95f7a4-c04d-438e-97cf-6772b76103de,2026-01-18,0,,,
4078beb4-1c28-4415-88bb-f9f92ee72e95,2026-01-18,0,,,
ffec7e08-bf09-414d-a0f1-53453c9b9ae0,2026-01-18,0,,,
6fbf5ea6-e70d-47a9-a0c6-25b131a2d882,2026-01-18,0,,,
8618ff84-bc67-4f5c-a4f7-245a5f0c23e4,2026-01-18,0,,,
c77750f4-9c70-43c6-990c-0344a29c58e2,2026-01-18,1,30.0,2026-02-17,1487.24
018f1f70-e780-463d-8dc2-caf7dc76cb61,2026-01-18,0,,,
3e99e6b4-92c6-477b-b879-e4230b9ac23d,2026-01-18,0,,,
b3545d28-52fa-4db6-91dc-e0fea9fc07f9,2026-01-18,1,30.0,2026-02-17,2531.42
ce36e3fe-517c-49e4-9e3c-4ec7746e646f,2026-01-18,1,30.0,2026-02-17,1554.82
3ec1a32a-f761-433b-834e-2013e4f92237,2026-01-18,0,,,
6b0ec76e-b93e-49f2-bd0c-2bbde28a497f,2026-01-18,0,,,
9a1a56ad-a562-4d73-b294-7a0cfc4afe23,2026-01-18,0,,,
915d0f3c-ab5b-434b-868b-227bf45c834e,2026-01-18,0,,,
ffd6cb27-6c89-4d65-ba43-1666d9d01956,2026-01-18,0,,,
51d4af51-e345-48b7-bb41-ab56516d33cf,2026-01-18,0,,,
88d25c88-6c4a-42bc-bfab-13e121ff8bb1,2026-01-18,0,,,
f9c83991-86be-4c2f-b7d8-14901253d5db,2026-01-18,0,,,
dfc1baa9-98ba-4ed8-9c7e-af61be8ef506,2026-01-18,0,,,
8d47e1b4-9726-4d94-9161-2b0b98e1fc43,2026-01-18,0,,,
a642cf58-64ba-49bf-8459-1d33c35d1282,2026-01-18,1,30.0,2026-02-17,9540.55
5ff24465-6e3c-4ddc-a8b9-08207b98edc8,2026-01-18,0,,,
2c87c268-0080-4c38-b73b-0021a1819d5f,2026-01-18,0,,,
09b6e2bf-fa94-4c32-b56a-7bdb85efbd2f,2026-01-18,0,,,
06b96724-6628-4ecf-be89-3e588b942446,2026-01-18,0,,,
28be12eb-bd86-4997-a9ce-ba761cf7f875,2026-01-18,0,,,
c4f71a46-0d8e-4e39-8394-af21bb15ab73,2026-01-18,0,,,
c44b7128-7478-4666-9462-323af438e842,2026-01-18,0,,,
cfa8444a-8528-4f2f-b536-317e7a06d486,2026-01-18,0,,,
a1ffa3f4-acc7-4c8d-8df2-ebb05c5c58be,2026-01-18,0,,,
47da006e-9fd0-4284-9a9f-655d709e7385,2026-01-18,0,,,
40286fc3-390c-4767-b8eb-cc9ba0e9ab07,2026-01-18,0,,,
3454a7c4-df76-4408-9a3b-7e6f04b913d3,2026-01-18,0,,,
48451369-75f0-4fc0-af31-90b9776a0afe,2026-01-18,0,,,
c4bc483a-2928-4fee-b66c-24bf3fb3534f,2026-01-18,1,30.0,2026-02-17,3999.47
bb80b525-3764-432f-a2ff-47e1ee8bae39,2026-01-18,0,,,
8854e5da-c4ae-4c30-92cb-325355c06fc1,2026-01-18,0,,,
36c4d755-6627-48b3-8acd-c80beffc534b,2026-01-18,0,,,
a68ff041-0dd8-4b0b-ab7c-5f0adc171865,2026-01-18,0,,,
ccbc3a83-af74-42bf-8d8d-1e0ef162b369,2026-01-18,0,,,
ef7c52fa-ca91-4c20-bd2e-77103495914d,2026-01-18,0,,,
c82f78cb-bfb1-41cf-8d9f-031fa742d9e8,2026-01-18,0,,,
33b519e1-5379-423c-8b62-7a7d6dd308b4,2026-01-18,0,,,
9dad891d-8a79-47fb-9e3b-ef68f971a573,2026-01-18,0,,,
c5f20371-c0d0-4760-a9f3-ac5532836e6a,2026-01-18,0,,,
e1bcfe20-d58a-4fab-8441-afd27a1a7fc8,2026-01-18,1,30.0,2026-02-17,18443.28
12b494c3-7751-4fb8-ba10-e960b9a90ead,2026-01-18,1,30.0,2026-02-17,5845.51
e401ab1b-c650-47f2-8770-5d1084e6b59e,2026-01-18,1,30.0,2026-02-17,7165.1
bb6709c8-a6e6-4245-8f4e-0d4c1a1d31a1,2026-01-18,0,,,
f93f55e6-7f6f-4a0c-9a4c-eb338829e6d0,2026-01-18,1,30.0,2026-02-17,2461.44
6d5c38d9-b0b7-48cd-a700-0da1a5ad040b,2026-01-18,0,,,
16214754-0feb-45c2-8f8a-5188edf3dcb3,2026-01-18,0,,,
e5c8b01b-9b10-4720-ac72-7aba44127a87,2026-01-18,0,,,
1ed6eac5-f821-45b6-b068-b0904703998d,2026-01-18,0,,,
446fe51f-6fa7-49f1-90b0-b6c6d314701a,2026-01-18,0,,,
a1852bec-04db-4481-9509-631be0e84e94,2026-01-18,0,,,
b0e88619-bb24-41d5-a03b-50cf3cdc3d6b,2026-01-18,0,,,
b10c39dd-d58c-45d2-bb7c-c086bbaad733,2026-01-18,1,30.0,2026-02-17,6314.83
f576c1a2-67c6-4db3-8879-396834d30cae,2026-01-18,1,30.0,2026-02-17,1608.96
cd453702-ccfa-45f1-ba7f-8f48897c20eb,2026-01-18,1,30.0,2026-02-17,1102.13
aa83eb5a-50d0-45aa-80f5-97a8d4947d3a,2026-01-18,1,30.0,2026-02-17,7283.31
302d5a35-d6eb-45cb-a193-e13a51df547e,2026-01-18,0,,,
a5fff506-78ae-433d-a05e-40c9067069b1,2026-01-18,1,30.0,2026-02-17,2155.54
9bde067f-57df-4ee3-8533-815c8572e874,2026-01-18,0,,,
17a57501-72c2-4c1a-af8b-091750b4f671,2026-01-18,0,,,
89ade645-c68a-4bfb-b023-9e54328972d3,2026-01-18,0,,,
6b76b04a-885d-45bb-b06e-f71af7f49d9f,2026-01-18,0,,,
d395847f-4cb8-4eaa-b684-b233a96aaded,2026-01-18,0,,,
8971f77f-c7d2-4dd0-b88b-89cae7492ac6,2026-01-18,0,,,
9c69b197-2a3a-49a5-b317-391b818b843f,2026-01-18,0,,,
843c37bc-a276-4cd6-b3fb-fe91c827601d,2026-01-18,0,,,
f20e3cd1-c783-4f1a-9969-13b4d523f994,2026-01-18,0,,,
0cba6370-30fc-47a6-9f54-fa5fda241df0,2026-01-18,0,,,
fc73ec61-67aa-4907-ad7c-febacf5b6d6f,2026-01-18,0,,,
68c81a3e-4a25-4f2d-af0b-b2999976ff38,2026-01-18,0,,,
8540cf99-4dc4-45b8-be86-236b877dbe0f,2026-01-18,0,,,
1ab71ec1-66a5-4166-8c0a-f18594becebe,2026-01-18,0,,,
09b9c701-b1e0-4015-9fd9-9954d9744bad,2026-01-18,0,,,
e9115f53-1496-4f84-b547-615baff544ad,2026-01-18,1,30.0,2026-02-17,6289.99
e5724c60-98a8-455e-87f7-821a9e5fb57d,2026-01-18,0,,,
239a8da3-53ce-4ac1-b31b-5f86f5ee6b54,2026-01-18,0,,,
5274fdd8-3026-42c7-86e4-433b4f822ea9,2026-01-18,0,,,
1b33f819-bcc9-4ffa-bf07-41d5f97d8565,2026-01-18,0,,,
ae965dc2-449d-4bc5-bcf9-fb73342bc4a0,2026-01-18,0,,,
b40c8cfa-0739-48f3-9577-42e558809e02,2026-01-18,1,30.0,2026-02-17,3580.94
868a0d76-ba29-4465-8734-873a539c7285,2026-01-18,0,,,
438145d7-38ec-4569-b8b5-7e2446cc6975,2026-01-18,1,30.0,2026-02-17,1889.99
2faee03a-945d-414f-8305-23fb59f4364c,2026-01-18,0,,,
5475f15f-7a99-4075-8b36-ff772d5fffa1,2026-01-18,1,30.0,2026-02-17,6180.27
4683923b-f758-4387-880b-0f0a0658a51a,2026-01-18,0,,,
db13213d-7b13-4a71-9101-31bff4bb52ee,2026-01-18,1,30.0,2026-02-17,3511.25
c9b610a9-a775-44a5-982e-9ec8574753a3,2026-01-18,0,,,
a15f5b5c-d7a7-4ace-9e97-42aab815f2bd,2026-01-18,0,,,
67e8f133-7487-42bc-a88d-602e29365828,2026-01-18,1,30.0,2026-02-17,9120.07
96f69abe-21b2-4cf1-897a-dc5842d5c785,2026-01-18,0,,,
5f919542-f9e2-4a43-84bd-e2fe820b3c37,2026-01-18,0,,,
d2a6c0c7-bb1d-4207-8ac1-6cbe3658b193,2026-01-18,0,,,
05342b38-505e-47f1-b4de-7fad8b70ff4b,2026-01-18,0,,,
2818d082-02ac-4d05-aeeb-3b023f72ee98,2026-01-18,1,30.0,2026-02-17,14803.64
cd8bb100-4654-497e-8f3c-f43d2f4718ee,2026-01-18,0,,,
0246bdd5-fc8e-48b6-9f89-734979616719,2026-01-18,0,,,
438d12a6-989e-4645-b185-0b445b106799,2026-01-18,0,,,
11562d45-9854-4267-8c33-3797461360d9,2026-01-18,0,,,
7f0d6143-521c-4a7a-a9c5-b7e5213b1d3a,2026-01-18,0,,,
7319a507-f2db-4552-8e14-be9746ea353c,2026-01-18,0,,,
cf105fe5-08d7-4179-a4c9-88657d39e593,2026-01-18,0,,,
c2dd676d-0a1d-485e-bc4d-662b3ce275e4,2026-01-18,1,30.0,2026-02-17,7618.81
4f902b7f-009a-4fd1-9f82-fa55c799c00a,2026-01-18,0,,,
885b9753-5ee6-47b9-861d-8c6d2cefb54a,2026-01-18,0,,,
276370bf-88cf-4cfc-a3c2-69efa1fcaeba,2026-01-18,1,30.0,2026-02-17,70777.32
4d545de3-9a5c-416e-8e5f-78e496155fd5,2026-01-18,0,,,
28baa63c-dbdd-43ff-b3dd-8e21811f67c5,2026-01-18,1,30.0,2026-02-17,1999.61
eeaeba05-8150-4aad-93a0-8b24b9925784,2026-01-18,0,,,
23130b58-b222-4abb-b483-9a607d58a782,2026-01-18,0,,,
91ca7028-3056-4bc6-a777-3602d224bee1,2026-01-18,0,,,
2bafb4f7-5296-4cf8-9c1a-fb84d440c359,2026-01-18,0,,,
fb2a2868-fd76-4a31-985b-0662e7e734f2,2026-01-18,0,,,
6a9735f2-e8df-4faa-ae1b-5e90adeb8936,2026-01-18,0,,,
2abf7d82-0a20-486b-914d-2ffb2cec2bed,2026-01-18,0,,,
58a6ef97-c169-4b23-8748-2cbbb2976f11,2026-01-18,0,,,
1e0cca8b-0ca3-4aec-be48-9f69c58fac97,2026-01-18,0,,,
37eb8c55-973b-44e1-b78f-d9b5ff753a92,2026-01-18,0,,,
2038c5aa-0642-4c34-a1bc-cdf63d611897,2026-01-18,0,,,
3da983d1-ead6-452c-8f48-9cb82b374e7a,2026-01-18,0,,,
22009cd7-c3f3-41fd-98dd-a63bb9d20e03,2026-01-18,0,,,
d6db6dca-2e12-4b02-bf23-0d389113baa6,2026-01-18,0,,,
f18e590c-c9e0-4b0e-afad-f94c64236fc2,2026-01-18,0,,,
a3af46ad-7952-4648-b285-2f3ee33bd534,2026-01-18,1,30.0,2026-02-17,6927.51
6e25f7f6-725e-4d63-a6d2-4520ad9c761a,2026-01-18,0,,,
87e299f4-381f-4daa-a3a7-ca8db07e8252,2026-01-18,0,,,
534a908d-7376-41d6-9075-3cdfd0417c00,2026-01-18,0,,,
185985a8-f0c8-4b86-92b7-a063eefe5b37,2026-01-18,1,30.0,2026-02-17,22427.64
ed30930b-8258-4649-aa36-805c5476ec41,2026-01-18,1,30.0,2026-02-17,5170.63
a294a7a3-f07d-4c88-85a1-fd20412f04db,2026-01-18,1,30.0,2026-02-17,13388.1
9e0f2fcf-8451-4524-8870-215604024c72,2026-01-18,0,,,
0c0d944c-2a93-4606-953f-2cc5ff6bd89f,2026-01-18,1,30.0,2026-02-17,16761.08
2589b402-4cd1-4abb-9cfa-727a2b157bb0,2026-01-18,1,30.0,2026-02-17,15406.31
7b821184-ac86-4b4f-bd5a-a08f37e4ac12,2026-01-18,0,,,
a9a799c7-a100-4d00-b6be-41881a4607b2,2026-01-18,0,,,
56a78d00-baeb-439c-ba99-72c839de2cd1,2026-01-18,0,,,
1bdc1313-da2f-4aa3-8bc6-e0f13ba3d246,2026-01-18,0,,,
f78cee0f-da93-4f9f-891f-c3af3d43b965,2026-01-18,0,,,
b6f60c1d-f8e5-4877-9332-97694d036c7f,2026-01-18,0,,,
17f6e94b-63f9-4935-ac8a-a7deacce8d50,2026-01-18,0,,,
3834e4e8-843d-4f23-94a4-d920e2a98a8e,2026-01-18,0,,,
8d27b90e-f660-4b8d-bc88-181357eb75e0,2026-01-18,0,,,
1d46fd7b-33db-4050-8abe-3e879a6c73cf,2026-01-18,0,,,
7cf282c6-7a30-499c-b679-8748e239fcb8,2026-01-18,0,,,
db61ea0f-a6e9-4260-b697-1255402df4ad,2026-01-18,0,,,
725c7576-8769-4953-af8f-9ca1c565e375,2026-01-18,0,,,
fe583015-0aed-48b2-83b3-198e10256fd1,2026-01-18,0,,,
26daead6-a952-4683-b7f7-0fd460c911e9,2026-01-18,1,30.0,2026-02-17,15129.98
4e71b9e9-5547-4c98-a06d-d3afb4344735,2026-01-18,0,,,
fe10c7b8-fc07-41a6-bf3a-fa2ed969d1fc,2026-01-18,0,,,
bbb906d0-182b-4bd1-b373-fb05a5897165,2026-01-18,1,30.0,2026-02-17,4163.78
75ca1ea9-7140-4dcb-8420-4719eb6bc03b,2026-01-18,0,,,
d89446f9-b833-45f3-b823-b751fa7e2aad,2026-01-18,0,,,
fe2e3126-2955-4d7d-b72c-d1d7ae8ab48c,2026-01-18,0,,,
52e2be8b-a9e8-46b1-a678-a6bd1f8fdcf1,2026-01-18,0,,,
fdf30ef7-193c-4fdf-81ba-0f09d3dd64f7,2026-01-18,1,30.0,2026-02-17,3132.89
2714a07a-0b15-41f3-a98b-25d71213aaa7,2026-01-18,0,,,
4fc88f59-4d98-49eb-88ec-ae2eac9299a3,2026-01-18,0,,,
378423c9-24b2-4d12-83fb-b40618ffb6a5,2026-01-18,0,,,
1bea2d12-f9ef-4924-9979-343c37029bd6,2026-01-18,0,,,
efaba186-e876-4f34-9766-784b920c7c0b,2026-01-18,0,,,
2b488310-4623-4b54-b936-a605f5072545,2026-01-18,0,,,
449d87ef-411b-4cf5-8b44-a97e7a77cb6e,2026-01-18,0,,,
e3f334aa-5c2c-480b-94d6-814a370f0004,2026-01-18,0,,,
36e46e1c-d5c9-4875-9960-aaa07d8d25ec,2026-01-18,0,,,
e1475965-d08b-4d7c-ba84-bd06828cc922,2026-01-18,0,,,
0e3164c8-e639-405c-8c13-8fabf879807b,2026-01-18,0,,,
88682d25-c298-47ec-8d4f-b6709ea6cc7f,2026-01-18,0,,,
43584449-388d-4845-bbc2-3b0e4825dae8,2026-01-18,0,,,
d0bb20e6-1456-4998-a1b8-b3819dc71026,2026-01-18,0,,,
73413791-ad9c-4055-a353-a883bec7eec1,2026-01-18,0,,,
c1ef5a8d-6462-4518-99bd-4879b8e27e67,2026-01-18,0,,,
88a6a7b8-a6b4-4e7f-a128-6b5cddaae700,2026-01-18,0,,,
3c1c87d8-466c-4de2-8f95-f2215b44ac79,2026-01-18,1,30.0,2026-02-17,5351.65
fee7c7fb-230f-45fd-b631-93cb30c2a1cc,2026-01-18,0,,,
4bcfe9b3-8c8b-4256-a3eb-56024137beb2,2026-01-18,1,30.0,2026-02-17,2309.68
4295baa3-5610-4427-be53-48716a70b00b,2026-01-18,1,30.0,2026-02-17,13910.52
314dd91c-2a09-4634-8383-152bb266c455,2026-01-18,0,,,
dd8448a3-e93b-4921-bec4-15ba6e57cbba,2026-01-18,1,30.0,2026-02-17,1441.19
fb7657a3-e679-4fa0-98d4-70d4279eae94,2026-01-18,0,,,
1000779b-fc23-45af-bb8d-9c99b44fd0d1,2026-01-18,0,,,
7de99935-1e2a-4247-b200-9f45f5f32fe2,2026-01-18,0,,,
00ec6466-50b3-4650-84ae-a72e89f8b06e,2026-01-18,0,,,
79bf22c7-7b43-4b62-ac40-9266063f5049,2026-01-18,1,30.0,2026-02-17,17684.08
82e34a77-0652-4d0e-9ba8-db7c47a47c3c,2026-01-18,0,,,
46c16eea-5675-450a-8fba-bfa5037b8cd3,2026-01-18,1,30.0,2026-02-17,3490.81
355ca2cf-70ce-4a9e-9a24-724ba6ab80fd,2026-01-18,0,,,
32f31528-e0a5-40d8-9e50-5fda3af58e29,2026-01-18,0,,,
30d5fc37-7550-4de2-bdf6-4e322425f6d2,2026-01-18,0,,,
f9964f16-1388-4229-9583-8ca9eb07c5a8,2026-01-18,0,,,
238e003b-8b65-4100-8c3a-e7ba86851e24,2026-01-18,0,,,
42c69799-ef69-4a19-9cfc-46513b5c8df8,2026-01-18,0,,,
56001fb8-3a8f-49e9-9972-7652de077742,2026-01-18,0,,,
50c20878-4a7a-4268-8521-e722439ee15f,2026-01-18,0,,,
b07e9934-3eb7-4b37-84ee-df58bd13f9db,2026-01-18,0,,,
4232baac-f6b2-48ed-a02f-ccb9152d928e,2026-01-18,1,30.0,2026-02-17,4354.8
443ed569-ccdb-4cd2-90b8-b252a62f0fa9,2026-01-18,0,,,
fc70d81d-0d1d-4ac0-8533-e01c18ccbf0a,2026-01-18,0,,,
ca511eb0-17c7-4f58-91a3-ac3d5da79603,2026-01-18,0,,,
52e074da-9c5d-4fbe-b22e-ef54d34628be,2026-01-18,0,,,
5d5d1503-d9d4-4948-9376-ea5f2bd329a0,2026-01-18,0,,,
67f294ec-6b7e-4a9b-9bc7-126fd2adce29,2026-01-18,0,,,
9edace0a-c83d-4a5d-92ce-72b39eb46b80,2026-01-18,0,,,
e8345117-e9f7-438c-91ec-0551827162bc,2026-01-18,0,,,
375d4b64-250f-4936-a470-08f33418c531,2026-01-18,0,,,
21f1504d-2731-4f4f-a25d-dacd1d276e28,2026-01-18,0,,,
391fd892-fb9f-4fe4-8dfa-4913f78e1221,2026-01-18,0,,,
922ceccf-3f21-4806-b838-07c7cfbff822,2026-01-18,0,,,
84f1747c-6463-40ab-b0b8-ff9a8ea56c02,2026-01-18,0,,,
c3f641a2-b3bf-4669-9216-ee6355779526,2026-01-18,0,,,
e133f9f4-7828-4193-be10-9d18662b8500,2026-01-18,0,,,
b14b697e-461e-486b-b884-2986a8f8f8ee,2026-01-18,0,,,
65528ab4-634b-45fa-a17f-9b7b38082c3f,2026-01-18,1,30.0,2026-02-17,20213.72
84f443ac-8f56-4b4a-8126-6ff0f216c399,2026-01-18,1,30.0,2026-02-17,8468.57
4df2379c-a49a-4801-8019-0a8302b480f7,2026-01-18,0,,,
22676171-1010-4188-a3f1-66bd8e1fbd0e,2026-01-18,0,,,
0206a3ef-46f9-434a-bd10-bab17a28b705,2026-01-18,0,,,
1acf9cbf-b3c6-495c-97e1-2283605f25a0,2026-01-18,0,,,
0c1af92f-41e7-44b7-abe2-1c879dbb109e,2026-01-18,1,30.0,2026-02-17,7702.74
d08bad7f-79d0-4074-8b9f-7b2f4b313fbe,2026-01-18,0,,,
02d4aded-a143-4192-8bfd-1b75a1fada6a,2026-01-18,0,,,
9b3143e4-b18f-4534-8944-c266068f3b0a,2026-01-18,0,,,
63202c66-7e34-450b-8f41-4440e58abaed,2026-01-18,0,,,
b5586956-d302-4c8e-a385-397d8683189a,2026-01-18,1,30.0,2026-02-17,68067.96
98d3a7ce-ea86-4a5e-bc1c-a8728dc1a02f,2026-01-18,0,,,
ec5cf14e-1dfb-4424-962b-ad856ccfe483,2026-01-18,1,30.0,2026-02-17,4288.08
aeb47405-b86f-448b-b470-80c6b887af40,2026-01-18,1,30.0,2026-02-17,6087.73
3a01ea7b-803e-470a-b195-e984e9cfa8cb,2026-01-18,0,,,
ff0c1d36-c608-4bc2-91a5-9c04f6d61cc6,2026-01-18,0,,,
67b405ab-9b70-4dcb-b9ae-5928b4b570e2,2026-01-18,0,,,
a22dbd99-a13e-4510-80cd-7b34651536dc,2026-01-18,1,30.0,2026-02-17,16716.14
86924924-7a7b-41fb-aa5a-70d7496e5ce0,2026-01-18,0,,,
474481a2-ddc2-4fa2-abbf-37665d0e0095,2026-01-18,1,30.0,2026-02-17,18593.95
6e9ce201-e112-468b-ab9d-f9440eba118c,2026-01-18,0,,,
e8ec67cb-66d8-4521-a3ae-9c1e561418c1,2026-01-18,0,,,
256cf194-fdb4-408c-85a5-63721fc0eaba,2026-01-18,0,,,
948d4c56-97ff-4ef2-8f5c-3de48329c2cd,2026-01-18,0,,,
9d1bdd37-8476-4017-af37-bf9f5452d692,2026-01-18,1,30.0,2026-02-17,3208.97
eda41cc9-110a-4f39-98f6-e42dd8640cac,2026-01-18,1,30.0,2026-02-17,2625.06
65a19608-c940-47ed-91c6-70c7a3169c7c,2026-01-18,0,,,
eb9354e6-3363-49fd-aa57-71001fc1ba55,2026-01-18,1,30.0,2026-02-17,3722.39
6a9072ec-8d5f-419a-8842-2833d6159708,2026-01-18,0,,,
7ab818ad-6cf6-4249-9991-f734c3daee77,2026-01-18,0,,,
c66b629b-1e83-4a04-a882-b066c5667881,2026-01-18,0,,,
9bc3df80-ca77-4511-ae1f-6e7e0a6cdcc1,2026-01-18,0,,,
ff655970-749f-4a54-9a73-943668d77b3c,2026-01-18,0,,,
ae78e0bf-4735-43be-bb93-10eaa1160efd,2026-01-18,0,,,
f6b470da-66ab-4cdb-91ff-944093ecc2b3,2026-01-18,0,,,
6daa2dcc-437c-4ae0-810e-7c112495e3a4,2026-01-18,0,,,
f57f058c-6c9d-4f0b-83b2-7a6db717438d,2026-01-18,0,,,
3dad540d-deb7-4a2d-ae06-981251fca8a2,2026-01-18,0,,,
774289aa-9ef1-4dcd-909c-229abff1842d,2026-01-18,0,,,
7e604665-582b-4a9b-a6db-4f2884593cc6,2026-01-18,0,,,
21b5f7db-1869-46e3-8b45-3b5aaa1a9f52,2026-01-18,0,,,
88d8ea5c-8081-4895-980a-3176676200bf,2026-01-18,0,,,
da278373-3a65-42db-83b2-32eb72fe6d7b,2026-01-18,0,,,
d9bc2fd5-49ba-4858-b831-08039d36532a,2026-01-18,0,,,
0fb63cca-c7bc-46d3-bb2a-b4ca40990970,2026-01-18,0,,,
d0fbd1a2-8d2b-46cd-aaa9-7483aa89b3a9,2026-01-18,0,,,
386ea33e-1a92-4fbd-abda-c151152c2046,2026-01-18,0,,,
79707ee4-b7d8-4d5d-9821-81f311c2339a,2026-01-18,0,,,
7a02b96e-1bfa-40ad-8567-7339fc5a3df6,2026-01-18,0,,,
8edc7e1f-1389-46cb-8abc-cd894490a195,2026-01-18,1,30.0,2026-02-17,33037.59
f35958ca-f853-41a7-a5a3-0fc6f0e90a9e,2026-01-18,0,,,
c40d7e8f-d488-4448-b644-8b10c662ad4d,2026-01-18,0,,,
9faa65d1-4688-48d2-bcfc-c8ae4b5c07fb,2026-01-18,0,,,
78e1e708-1875-44d7-a36d-6ae6bc5e4f95,2026-01-18,0,,,
168368c0-e718-4ba3-aaae-304a56e7c3c4,2026-01-18,0,,,
eae240b7-18a8-4897-965a-b666a085b062,2026-01-18,0,,,
c985589c-56e2-4ca3-a991-538355ac916f,2026-01-18,0,,,
a1d6c457-5d31-4932-88ad-1559c817b1ab,2026-01-18,0,,,
cd83c985-bf7c-4d36-b081-1ee4c2767643,2026-01-18,0,,,
b2f089d4-7b51-403f-b479-c4be59778a0e,2026-01-18,0,,,
e89dd82f-40b9-4681-a9ad-c8c084ff6d62,2026-01-18,0,,,
4219c5db-e3d7-453d-a793-f5dceb35978e,2026-01-18,1,30.0,2026-02-17,3626.9
996fc2f4-bc40-423b-b46a-f30e7938edb3,2026-01-18,0,,,
9f6d540e-c5c9-44c6-9a86-cc77d359ded4,2026-01-18,0,,,
bbb29515-079f-46f4-b7eb-a00e66c8644f,2026-01-18,0,,,
baef2988-8d6f-497d-ac18-768103bb0b77,2026-01-18,0,,,
f84d9420-9efe-469d-8312-87cf3a2e6c0f,2026-01-18,0,,,
f3c275ae-4c1d-4ce7-be23-f98c805d88db,2026-01-18,0,,,
2715bdd7-2024-49ca-97b3-ec65dfd45841,2026-01-18,0,,,
629bc109-1469-4748-96eb-1301ad3ea6a8,2026-01-18,0,,,
070c0a5f-a455-4e1d-ac45-ceacb2a8397f,2026-01-18,1,30.0,2026-02-17,3078.36
0fd11038-e4f3-4341-a50e-d759f4e28124,2026-01-18,0,,,
2f896d15-0901-47de-ba73-dc72db0bc9c0,2026-01-18,0,,,
6d695929-3bb2-4acc-a0bd-1a5132541a85,2026-01-18,0,,,
74228560-442e-40e7-865b-bbc8ab44adf0,2026-01-18,0,,,
3d43472f-06a6-41c3-8cdd-5d954b73aea1,2026-01-18,0,,,
21f97ff7-63e4-4460-b9ab-27996e81ec21,2026-01-18,0,,,
d34c8e29-5e09-4cc5-a3ae-d7911eeb1558,2026-01-18,1,30.0,2026-02-17,8048.5
45ae3b7f-eadc-4e58-b6ad-bd1f4ded90fd,2026-01-18,0,,,
c7231f31-5293-4678-89aa-49f0764dc206,2026-01-18,0,,,
1ad34992-42b6-40a2-8a3a-c2c5d82cf938,2026-01-18,0,,,
31272176-6fcc-424c-b99c-d9c4ef61403d,2026-01-18,0,,,
f5dfe6b3-3133-4982-bff7-c6163a0893cf,2026-01-18,0,,,
530393f9-929f-499a-a92b-334ac9f8d8df,2026-01-18,0,,,
933f7a9f-182a-4543-adce-5ab38ca4867f,2026-01-18,0,,,
4e6dd9d4-8620-41a2-a208-76d17c1cdd6e,2026-01-18,0,,,
29558e34-a0e4-41f4-b6f7-39ee4e8f28f8,2026-01-18,0,,,
23a66589-8ae5-4504-850b-8d48ea462813,2026-01-18,1,30.0,2026-02-17,3168.19
eadd83a2-c5c8-4701-ad1f-59817814ccc1,2026-01-18,1,30.0,2026-02-17,4531.17
3dde3f93-b16d-4f9d-ab97-307455762b79,2026-01-18,0,,,
49202d72-19b8-4a80-b6a9-ff9f794f33c4,2026-01-18,1,30.0,2026-02-17,23299.43
63673bc4-9b6c-46b9-ab3d-c4d9290d88c0,2026-01-18,0,,,
60b7433e-a4c8-47ce-8649-22ba95ea69d8,2026-01-18,0,,,
7eda8698-1473-4f30-95bf-d7d38a1bb354,2026-01-18,0,,,
9b7f361a-f612-45b4-bec1-02431e7498ec,2026-01-18,0,,,
4a5d5710-7f5f-44b1-b100-98ed15ff934a,2026-01-18,0,,,
5404e768-239f-496c-a48f-04145788f7f0,2026-01-18,0,,,
f0718bb0-6933-46ed-a198-0f96bde0f2ec,2026-01-18,0,,,
8df38fd5-9653-4dc0-8f47-f0036ee44218,2026-01-18,0,,,
b8709f19-653e-419a-aa60-4b2c2f4904c0,2026-01-18,0,,,
c0760453-3495-472e-afd6-6c670c9052ac,2026-01-18,0,,,
3a506899-3728-40bd-91d0-70e68ebfd73c,2026-01-18,0,,,
9b11cf3b-d69a-4936-8e5f-d3136a6c3ff1,2026-01-18,0,,,
2adc054a-a772-497a-8593-292b64a0b59d,2026-01-18,1,30.0,2026-02-17,5336.16
753e9338-1a8b-436e-b955-1715b39bb7d7,2026-01-18,1,30.0,2026-02-17,5263.07
3a1590a7-0857-4f60-8327-eb712938ba0e,2026-01-18,0,,,
de5effa0-8eaf-4b28-8446-09d7bdad6575,2026-01-18,0,,,
a95c2bd0-97b2-45b0-92da-642535691572,2026-01-18,0,,,
4e0a6024-8bd3-435b-a34e-e2d6305ec538,2026-01-18,0,,,
e85deef1-efe1-4d9d-9128-11d61766b999,2026-01-18,0,,,
68f2a183-69c4-4d0d-9914-20ecd6d2f88c,2026-01-18,0,,,
9b80b2f0-2767-4e94-ad32-024ca2eae90a,2026-01-18,0,,,
41de5fb4-77e8-4435-baa6-ea5135dd6034,2026-01-18,0,,,
24eae1ef-4128-4d5b-a7be-10d16b053b9b,2026-01-18,1,30.0,2026-02-17,7313.77
d3967022-e0bd-4760-b213-44516f476286,2026-01-18,0,,,
b76ce9ca-1a0c-40d8-85ab-7862abadfd44,2026-01-18,0,,,
10bfc6df-2927-47f8-8bf2-3ae76a6f7d56,2026-01-18,0,,,
31452a2c-9f8e-4415-840f-c6b39c0bd99d,2026-01-18,0,,,
cf5d7d7e-c734-4050-a8cf-4d34812fe515,2026-01-18,0,,,
e4a2f929-34d2-49a0-a950-448895b1109d,2026-01-18,1,30.0,2026-02-17,5261.79
0f2f6445-5328-4ae8-9660-b42c889d73b2,2026-01-18,0,,,
e66b75ad-6844-4310-abd2-eaa12465fc02,2026-01-18,0,,,
fd8a42c1-7a02-43e1-a0c4-49d757d18dbf,2026-01-18,0,,,
46ce8023-76fd-4535-bd56-972771f98594,2026-01-18,0,,,
5b6ae2fc-9aa8-4b98-939d-1c69479a89dc,2026-01-18,0,,,
b8750ecd-b08f-4bfb-bf1a-8f504ed9490c,2026-01-18,0,,,
e2a17548-152d-4eef-8a9e-d080b2c8b46f,2026-01-18,0,,,
d18009be-c1d9-4b63-bd93-51e5c371da44,2026-01-18,1,30.0,2026-02-17,8830.89
47f3af6b-69bf-49d8-94a3-9eda9713e1e9,2026-01-18,0,,,
61bedb59-9474-46ae-9e59-e6e5dc5a6ef6,2026-01-18,1,30.0,2026-02-17,696.32
d2b462d7-4491-4fd1-aadb-2df464cc1f5e,2026-01-18,0,,,
140e4f20-e3b7-4820-8923-a9760ef8b324,2026-01-18,0,,,
fef4c65b-e5a6-4514-b858-f36aaefc157b,2026-01-18,0,,,
dc5fa337-f74c-4af8-959c-c3fa07fa57e5,2026-01-18,0,,,
99a4031d-303f-45fc-aa2b-528bec802a1d,2026-01-18,1,30.0,2026-02-17,29166.14
523a92ed-df0c-4e07-bc48-68c82e295d40,2026-01-18,0,,,
c2872f90-b7d4-40f6-b9eb-fed18c225743,2026-01-18,1,30.0,2026-02-17,2795.6
9dbd4c2d-c945-438a-95e0-1e382c155def,2026-01-18,0,,,
6786d319-8089-496a-a4cc-77d8dc4058d3,2026-01-18,0,,,
143cbed4-1e25-4ef2-8640-0475a698ecb3,2026-01-18,0,,,
93835586-d1ca-42f2-a07c-6b9d5251fc62,2026-01-18,0,,,
8b65aa28-160f-4656-a2e6-fc65c5becab8,2026-01-18,1,30.0,2026-02-17,1647.3
681f6aa1-28fa-434e-b2a2-5d2f24461de8,2026-01-18,0,,,
6d29bdd8-cdbe-4d3d-b714-11b3c5ece0ce,2026-01-18,0,,,
dd42e743-2d24-440f-a8a2-d66f7a8c4cc9,2026-01-18,0,,,
0c5378c9-f3d4-4e6f-8826-a53001bc7f1e,2026-01-18,0,,,
e96ea490-9e29-438c-a7ab-acbe1249dcd1,2026-01-18,0,,,
ea0bfd93-0f22-4a3c-be4f-88eefc77ba81,2026-01-18,0,,,
99c7e548-3792-4f51-a8e4-b7a4a485e073,2026-01-18,0,,,
dfa0e0ad-7828-444b-a889-c898bfc0fa9c,2026-01-18,0,,,
bd987639-511e-4a74-904d-f82668766894,2026-01-18,1,30.0,2026-02-17,6894.87
11273dd3-f256-41eb-859d-872e330da517,2026-01-18,0,,,
d0f23f5e-e11f-46a5-a2f4-2d13df1c8916,2026-01-18,0,,,
8a167e85-35cb-4e70-abc3-b86134859b6d,2026-01-18,0,,,
b770ba63-90d7-496b-ae7a-b0edd3c62f9f,2026-01-18,0,,,
4b3814ad-46fc-4f61-8dd1-18d71c86b471,2026-01-18,0,,,
850ac4e2-f453-4ea1-a394-04d83d3dbe25,2026-01-18,0,,,
41692f2a-cd51-4ce4-83fb-4027576835ba,2026-01-18,0,,,
7ee70fde-4616-4ff2-9c53-9a648e448a76,2026-01-18,0,,,
c6be1a66-6f8f-4484-b09e-66256dbfd4e9,2026-01-18,0,,,
3982ddd4-39c2-4ee7-a931-802564a1ef5c,2026-01-18,0,,,
c1589942-1ae7-424d-895c-3e905a60b4e9,2026-01-18,0,,,
94e64200-6212-4850-819b-578a0c43f323,2026-01-18,0,,,
0402510f-0e05-4225-88db-1d7972bc9c38,2026-01-18,0,,,
7397db6a-4e33-463b-8b32-a75e8aba85d7,2026-01-18,0,,,
23df441e-bdf1-4950-a292-66ee3e5a8c24,2026-01-18,0,,,
adeda7c0-1dc1-4d9b-af50-36e3267fff8c,2026-01-18,0,,,
a30435c1-499b-4f23-ba17-5ddf841a9136,2026-01-18,0,,,
05d24d2d-dc88-4d5c-aa63-87892f9ff844,2026-01-18,0,,,
d45dfe5c-319e-413d-b49d-f3b669e37fbf,2026-01-18,0,,,
5d0b69ea-db1c-4585-9a47-c8f38fdefce7,2026-01-18,0,,,
47e7bffc-f2e4-4013-8a76-3c425296bd5d,2026-01-18,0,,,
